,number,value,datetime_start,datetime_complete,duration,params_batch_size,params_dropout_rate,params_epochs,params_feed_forward,params_hidden_layer_dim,params_input_chunk_length,params_lr,params_num_attention_heads,params_num_lstm_layers,params_optimizer,params_output_chunk_length,system_attrs_grid_id,system_attrs_search_space,state
0,0,0.012105250731110573,2024-08-06 17:13:01.967284,2024-08-06 17:15:20.289792,0 days 00:02:18.322508,256,0.0,1000,Bilinear,32,30,0.001,7,3,adam,1,0,"{'batch_size': [256], 'dropout_rate': [0.0, 0.05, 0.1], 'epochs': [1000], 'feed_forward': ['GLU', 'Bilinear', 'ReGLU', 'GEGLU', 'SwiGLU', 'ReLU', 'GELU', 'GatedResidualNetwork'], 'hidden_layer_dim': [32, 64, 128], 'input_chunk_length': [30], 'lr': [0.001, 0.0001, 1e-05], 'num_attention_heads': [2, 3, 5, 7], 'num_lstm_layers': [2, 3, 4, 5], 'optimizer': ['adam'], 'output_chunk_length': [1]}",COMPLETE
1,1,0.012137744575738907,2024-08-06 17:15:20.290555,2024-08-06 17:17:53.092455,0 days 00:02:32.801900,256,0.0,1000,GatedResidualNetwork,64,30,0.001,2,4,adam,1,1,"{'batch_size': [256], 'dropout_rate': [0.0, 0.05, 0.1], 'epochs': [1000], 'feed_forward': ['GLU', 'Bilinear', 'ReGLU', 'GEGLU', 'SwiGLU', 'ReLU', 'GELU', 'GatedResidualNetwork'], 'hidden_layer_dim': [32, 64, 128], 'input_chunk_length': [30], 'lr': [0.001, 0.0001, 1e-05], 'num_attention_heads': [2, 3, 5, 7], 'num_lstm_layers': [2, 3, 4, 5], 'optimizer': ['adam'], 'output_chunk_length': [1]}",COMPLETE
2,2,0.012323923408985138,2024-08-06 17:17:53.093238,2024-08-06 17:23:20.450574,0 days 00:05:27.357336,256,0.1,1000,ReLU,64,30,0.001,3,2,adam,1,2,"{'batch_size': [256], 'dropout_rate': [0.0, 0.05, 0.1], 'epochs': [1000], 'feed_forward': ['GLU', 'Bilinear', 'ReGLU', 'GEGLU', 'SwiGLU', 'ReLU', 'GELU', 'GatedResidualNetwork'], 'hidden_layer_dim': [32, 64, 128], 'input_chunk_length': [30], 'lr': [0.001, 0.0001, 1e-05], 'num_attention_heads': [2, 3, 5, 7], 'num_lstm_layers': [2, 3, 4, 5], 'optimizer': ['adam'], 'output_chunk_length': [1]}",COMPLETE
3,3,0.01214061863720417,2024-08-06 17:23:20.451367,2024-08-06 17:25:54.559697,0 days 00:02:34.108330,256,0.05,1000,GELU,32,30,1e-05,7,2,adam,1,3,"{'batch_size': [256], 'dropout_rate': [0.0, 0.05, 0.1], 'epochs': [1000], 'feed_forward': ['GLU', 'Bilinear', 'ReGLU', 'GEGLU', 'SwiGLU', 'ReLU', 'GELU', 'GatedResidualNetwork'], 'hidden_layer_dim': [32, 64, 128], 'input_chunk_length': [30], 'lr': [0.001, 0.0001, 1e-05], 'num_attention_heads': [2, 3, 5, 7], 'num_lstm_layers': [2, 3, 4, 5], 'optimizer': ['adam'], 'output_chunk_length': [1]}",COMPLETE
4,4,0.01223711483180523,2024-08-06 17:25:54.560527,2024-08-06 17:29:37.642493,0 days 00:03:43.081966,256,0.1,1000,ReGLU,128,30,0.0001,7,2,adam,1,4,"{'batch_size': [256], 'dropout_rate': [0.0, 0.05, 0.1], 'epochs': [1000], 'feed_forward': ['GLU', 'Bilinear', 'ReGLU', 'GEGLU', 'SwiGLU', 'ReLU', 'GELU', 'GatedResidualNetwork'], 'hidden_layer_dim': [32, 64, 128], 'input_chunk_length': [30], 'lr': [0.001, 0.0001, 1e-05], 'num_attention_heads': [2, 3, 5, 7], 'num_lstm_layers': [2, 3, 4, 5], 'optimizer': ['adam'], 'output_chunk_length': [1]}",COMPLETE
5,5,0.012131561525166035,2024-08-06 17:29:37.643318,2024-08-06 17:31:58.328801,0 days 00:02:20.685483,256,0.1,1000,ReGLU,32,30,1e-05,3,3,adam,1,5,"{'batch_size': [256], 'dropout_rate': [0.0, 0.05, 0.1], 'epochs': [1000], 'feed_forward': ['GLU', 'Bilinear', 'ReGLU', 'GEGLU', 'SwiGLU', 'ReLU', 'GELU', 'GatedResidualNetwork'], 'hidden_layer_dim': [32, 64, 128], 'input_chunk_length': [30], 'lr': [0.001, 0.0001, 1e-05], 'num_attention_heads': [2, 3, 5, 7], 'num_lstm_layers': [2, 3, 4, 5], 'optimizer': ['adam'], 'output_chunk_length': [1]}",COMPLETE
6,6,0.01221009623259306,2024-08-06 17:31:58.329603,2024-08-06 17:35:49.705996,0 days 00:03:51.376393,256,0.0,1000,Bilinear,128,30,0.001,7,2,adam,1,6,"{'batch_size': [256], 'dropout_rate': [0.0, 0.05, 0.1], 'epochs': [1000], 'feed_forward': ['GLU', 'Bilinear', 'ReGLU', 'GEGLU', 'SwiGLU', 'ReLU', 'GELU', 'GatedResidualNetwork'], 'hidden_layer_dim': [32, 64, 128], 'input_chunk_length': [30], 'lr': [0.001, 0.0001, 1e-05], 'num_attention_heads': [2, 3, 5, 7], 'num_lstm_layers': [2, 3, 4, 5], 'optimizer': ['adam'], 'output_chunk_length': [1]}",COMPLETE
7,7,0.012178066186606884,2024-08-06 17:35:49.706835,2024-08-06 17:40:42.693562,0 days 00:04:52.986727,256,0.05,1000,SwiGLU,128,30,0.0001,5,4,adam,1,7,"{'batch_size': [256], 'dropout_rate': [0.0, 0.05, 0.1], 'epochs': [1000], 'feed_forward': ['GLU', 'Bilinear', 'ReGLU', 'GEGLU', 'SwiGLU', 'ReLU', 'GELU', 'GatedResidualNetwork'], 'hidden_layer_dim': [32, 64, 128], 'input_chunk_length': [30], 'lr': [0.001, 0.0001, 1e-05], 'num_attention_heads': [2, 3, 5, 7], 'num_lstm_layers': [2, 3, 4, 5], 'optimizer': ['adam'], 'output_chunk_length': [1]}",COMPLETE
8,8,0.012304314412176609,2024-08-06 17:40:42.694379,2024-08-06 17:44:37.571526,0 days 00:03:54.877147,256,0.05,1000,GEGLU,64,30,1e-05,2,3,adam,1,8,"{'batch_size': [256], 'dropout_rate': [0.0, 0.05, 0.1], 'epochs': [1000], 'feed_forward': ['GLU', 'Bilinear', 'ReGLU', 'GEGLU', 'SwiGLU', 'ReLU', 'GELU', 'GatedResidualNetwork'], 'hidden_layer_dim': [32, 64, 128], 'input_chunk_length': [30], 'lr': [0.001, 0.0001, 1e-05], 'num_attention_heads': [2, 3, 5, 7], 'num_lstm_layers': [2, 3, 4, 5], 'optimizer': ['adam'], 'output_chunk_length': [1]}",COMPLETE
9,9,0.012142764404416084,2024-08-06 17:44:37.572295,2024-08-06 17:46:20.629011,0 days 00:01:43.056716,256,0.1,1000,ReGLU,64,30,0.0001,3,2,adam,1,9,"{'batch_size': [256], 'dropout_rate': [0.0, 0.05, 0.1], 'epochs': [1000], 'feed_forward': ['GLU', 'Bilinear', 'ReGLU', 'GEGLU', 'SwiGLU', 'ReLU', 'GELU', 'GatedResidualNetwork'], 'hidden_layer_dim': [32, 64, 128], 'input_chunk_length': [30], 'lr': [0.001, 0.0001, 1e-05], 'num_attention_heads': [2, 3, 5, 7], 'num_lstm_layers': [2, 3, 4, 5], 'optimizer': ['adam'], 'output_chunk_length': [1]}",COMPLETE
10,10,0.012178067117929459,2024-08-06 17:46:20.629822,2024-08-06 17:51:12.277470,0 days 00:04:51.647648,256,0.05,1000,SwiGLU,128,30,1e-05,5,4,adam,1,10,"{'batch_size': [256], 'dropout_rate': [0.0, 0.05, 0.1], 'epochs': [1000], 'feed_forward': ['GLU', 'Bilinear', 'ReGLU', 'GEGLU', 'SwiGLU', 'ReLU', 'GELU', 'GatedResidualNetwork'], 'hidden_layer_dim': [32, 64, 128], 'input_chunk_length': [30], 'lr': [0.001, 0.0001, 1e-05], 'num_attention_heads': [2, 3, 5, 7], 'num_lstm_layers': [2, 3, 4, 5], 'optimizer': ['adam'], 'output_chunk_length': [1]}",COMPLETE
11,11,0.012158460915088654,2024-08-06 17:51:12.278281,2024-08-06 17:55:29.627347,0 days 00:04:17.349066,256,0.1,1000,GELU,128,30,1e-05,3,2,adam,1,11,"{'batch_size': [256], 'dropout_rate': [0.0, 0.05, 0.1], 'epochs': [1000], 'feed_forward': ['GLU', 'Bilinear', 'ReGLU', 'GEGLU', 'SwiGLU', 'ReLU', 'GELU', 'GatedResidualNetwork'], 'hidden_layer_dim': [32, 64, 128], 'input_chunk_length': [30], 'lr': [0.001, 0.0001, 1e-05], 'num_attention_heads': [2, 3, 5, 7], 'num_lstm_layers': [2, 3, 4, 5], 'optimizer': ['adam'], 'output_chunk_length': [1]}",COMPLETE
12,12,0.012048959732055664,2024-08-06 17:55:29.628135,2024-08-06 17:58:15.001853,0 days 00:02:45.373718,256,0.0,1000,Bilinear,128,30,0.0001,5,5,adam,1,12,"{'batch_size': [256], 'dropout_rate': [0.0, 0.05, 0.1], 'epochs': [1000], 'feed_forward': ['GLU', 'Bilinear', 'ReGLU', 'GEGLU', 'SwiGLU', 'ReLU', 'GELU', 'GatedResidualNetwork'], 'hidden_layer_dim': [32, 64, 128], 'input_chunk_length': [30], 'lr': [0.001, 0.0001, 1e-05], 'num_attention_heads': [2, 3, 5, 7], 'num_lstm_layers': [2, 3, 4, 5], 'optimizer': ['adam'], 'output_chunk_length': [1]}",COMPLETE
13,13,0.01222406979650259,2024-08-06 17:58:15.002683,2024-08-06 18:01:40.575643,0 days 00:03:25.572960,256,0.1,1000,GELU,128,30,0.001,3,4,adam,1,13,"{'batch_size': [256], 'dropout_rate': [0.0, 0.05, 0.1], 'epochs': [1000], 'feed_forward': ['GLU', 'Bilinear', 'ReGLU', 'GEGLU', 'SwiGLU', 'ReLU', 'GELU', 'GatedResidualNetwork'], 'hidden_layer_dim': [32, 64, 128], 'input_chunk_length': [30], 'lr': [0.001, 0.0001, 1e-05], 'num_attention_heads': [2, 3, 5, 7], 'num_lstm_layers': [2, 3, 4, 5], 'optimizer': ['adam'], 'output_chunk_length': [1]}",COMPLETE
14,14,0.012203318998217583,2024-08-06 18:01:40.576462,2024-08-06 18:03:42.650625,0 days 00:02:02.074163,256,0.05,1000,GELU,32,30,1e-05,5,2,adam,1,14,"{'batch_size': [256], 'dropout_rate': [0.0, 0.05, 0.1], 'epochs': [1000], 'feed_forward': ['GLU', 'Bilinear', 'ReGLU', 'GEGLU', 'SwiGLU', 'ReLU', 'GELU', 'GatedResidualNetwork'], 'hidden_layer_dim': [32, 64, 128], 'input_chunk_length': [30], 'lr': [0.001, 0.0001, 1e-05], 'num_attention_heads': [2, 3, 5, 7], 'num_lstm_layers': [2, 3, 4, 5], 'optimizer': ['adam'], 'output_chunk_length': [1]}",COMPLETE
15,15,0.012390616349875927,2024-08-06 18:03:42.651433,2024-08-06 18:08:48.367661,0 days 00:05:05.716228,256,0.1,1000,GELU,64,30,0.0001,3,2,adam,1,15,"{'batch_size': [256], 'dropout_rate': [0.0, 0.05, 0.1], 'epochs': [1000], 'feed_forward': ['GLU', 'Bilinear', 'ReGLU', 'GEGLU', 'SwiGLU', 'ReLU', 'GELU', 'GatedResidualNetwork'], 'hidden_layer_dim': [32, 64, 128], 'input_chunk_length': [30], 'lr': [0.001, 0.0001, 1e-05], 'num_attention_heads': [2, 3, 5, 7], 'num_lstm_layers': [2, 3, 4, 5], 'optimizer': ['adam'], 'output_chunk_length': [1]}",COMPLETE
16,16,0.012152986600995064,2024-08-06 18:08:48.368464,2024-08-06 18:11:30.330174,0 days 00:02:41.961710,256,0.0,1000,ReLU,64,30,0.001,7,3,adam,1,16,"{'batch_size': [256], 'dropout_rate': [0.0, 0.05, 0.1], 'epochs': [1000], 'feed_forward': ['GLU', 'Bilinear', 'ReGLU', 'GEGLU', 'SwiGLU', 'ReLU', 'GELU', 'GatedResidualNetwork'], 'hidden_layer_dim': [32, 64, 128], 'input_chunk_length': [30], 'lr': [0.001, 0.0001, 1e-05], 'num_attention_heads': [2, 3, 5, 7], 'num_lstm_layers': [2, 3, 4, 5], 'optimizer': ['adam'], 'output_chunk_length': [1]}",COMPLETE
17,17,0.012299616821110249,2024-08-06 18:11:30.330953,2024-08-06 18:15:56.413952,0 days 00:04:26.082999,256,0.1,1000,ReGLU,128,30,0.001,2,2,adam,1,17,"{'batch_size': [256], 'dropout_rate': [0.0, 0.05, 0.1], 'epochs': [1000], 'feed_forward': ['GLU', 'Bilinear', 'ReGLU', 'GEGLU', 'SwiGLU', 'ReLU', 'GELU', 'GatedResidualNetwork'], 'hidden_layer_dim': [32, 64, 128], 'input_chunk_length': [30], 'lr': [0.001, 0.0001, 1e-05], 'num_attention_heads': [2, 3, 5, 7], 'num_lstm_layers': [2, 3, 4, 5], 'optimizer': ['adam'], 'output_chunk_length': [1]}",COMPLETE
18,18,0.012059396132826805,2024-08-06 18:15:56.414779,2024-08-06 18:18:46.198205,0 days 00:02:49.783426,256,0.1,1000,ReLU,128,30,0.001,5,4,adam,1,18,"{'batch_size': [256], 'dropout_rate': [0.0, 0.05, 0.1], 'epochs': [1000], 'feed_forward': ['GLU', 'Bilinear', 'ReGLU', 'GEGLU', 'SwiGLU', 'ReLU', 'GELU', 'GatedResidualNetwork'], 'hidden_layer_dim': [32, 64, 128], 'input_chunk_length': [30], 'lr': [0.001, 0.0001, 1e-05], 'num_attention_heads': [2, 3, 5, 7], 'num_lstm_layers': [2, 3, 4, 5], 'optimizer': ['adam'], 'output_chunk_length': [1]}",COMPLETE
19,19,0.012162244878709316,2024-08-06 18:18:46.199008,2024-08-06 18:21:31.521749,0 days 00:02:45.322741,256,0.05,1000,GEGLU,128,30,0.0001,2,3,adam,1,19,"{'batch_size': [256], 'dropout_rate': [0.0, 0.05, 0.1], 'epochs': [1000], 'feed_forward': ['GLU', 'Bilinear', 'ReGLU', 'GEGLU', 'SwiGLU', 'ReLU', 'GELU', 'GatedResidualNetwork'], 'hidden_layer_dim': [32, 64, 128], 'input_chunk_length': [30], 'lr': [0.001, 0.0001, 1e-05], 'num_attention_heads': [2, 3, 5, 7], 'num_lstm_layers': [2, 3, 4, 5], 'optimizer': ['adam'], 'output_chunk_length': [1]}",COMPLETE
20,20,0.012127483263611794,2024-08-06 18:21:31.522557,2024-08-06 18:24:00.168775,0 days 00:02:28.646218,256,0.05,1000,SwiGLU,128,30,0.001,5,5,adam,1,20,"{'batch_size': [256], 'dropout_rate': [0.0, 0.05, 0.1], 'epochs': [1000], 'feed_forward': ['GLU', 'Bilinear', 'ReGLU', 'GEGLU', 'SwiGLU', 'ReLU', 'GELU', 'GatedResidualNetwork'], 'hidden_layer_dim': [32, 64, 128], 'input_chunk_length': [30], 'lr': [0.001, 0.0001, 1e-05], 'num_attention_heads': [2, 3, 5, 7], 'num_lstm_layers': [2, 3, 4, 5], 'optimizer': ['adam'], 'output_chunk_length': [1]}",COMPLETE
21,21,0.012072817422449589,2024-08-06 18:24:00.169600,2024-08-06 18:26:23.936800,0 days 00:02:23.767200,256,0.05,1000,GLU,64,30,0.001,5,5,adam,1,21,"{'batch_size': [256], 'dropout_rate': [0.0, 0.05, 0.1], 'epochs': [1000], 'feed_forward': ['GLU', 'Bilinear', 'ReGLU', 'GEGLU', 'SwiGLU', 'ReLU', 'GELU', 'GatedResidualNetwork'], 'hidden_layer_dim': [32, 64, 128], 'input_chunk_length': [30], 'lr': [0.001, 0.0001, 1e-05], 'num_attention_heads': [2, 3, 5, 7], 'num_lstm_layers': [2, 3, 4, 5], 'optimizer': ['adam'], 'output_chunk_length': [1]}",COMPLETE
22,22,0.012111937627196312,2024-08-06 18:26:23.937599,2024-08-06 18:27:45.342042,0 days 00:01:21.404443,256,0.0,1000,GELU,64,30,1e-05,2,5,adam,1,22,"{'batch_size': [256], 'dropout_rate': [0.0, 0.05, 0.1], 'epochs': [1000], 'feed_forward': ['GLU', 'Bilinear', 'ReGLU', 'GEGLU', 'SwiGLU', 'ReLU', 'GELU', 'GatedResidualNetwork'], 'hidden_layer_dim': [32, 64, 128], 'input_chunk_length': [30], 'lr': [0.001, 0.0001, 1e-05], 'num_attention_heads': [2, 3, 5, 7], 'num_lstm_layers': [2, 3, 4, 5], 'optimizer': ['adam'], 'output_chunk_length': [1]}",COMPLETE
23,23,0.01215982437133789,2024-08-06 18:27:45.342861,2024-08-06 18:34:13.328475,0 days 00:06:27.985614,256,0.05,1000,GatedResidualNetwork,64,30,1e-05,7,5,adam,1,23,"{'batch_size': [256], 'dropout_rate': [0.0, 0.05, 0.1], 'epochs': [1000], 'feed_forward': ['GLU', 'Bilinear', 'ReGLU', 'GEGLU', 'SwiGLU', 'ReLU', 'GELU', 'GatedResidualNetwork'], 'hidden_layer_dim': [32, 64, 128], 'input_chunk_length': [30], 'lr': [0.001, 0.0001, 1e-05], 'num_attention_heads': [2, 3, 5, 7], 'num_lstm_layers': [2, 3, 4, 5], 'optimizer': ['adam'], 'output_chunk_length': [1]}",COMPLETE
24,24,0.012072484008967876,2024-08-06 18:34:13.329270,2024-08-06 18:35:54.336776,0 days 00:01:41.007506,256,0.05,1000,GatedResidualNetwork,32,30,1e-05,5,5,adam,1,24,"{'batch_size': [256], 'dropout_rate': [0.0, 0.05, 0.1], 'epochs': [1000], 'feed_forward': ['GLU', 'Bilinear', 'ReGLU', 'GEGLU', 'SwiGLU', 'ReLU', 'GELU', 'GatedResidualNetwork'], 'hidden_layer_dim': [32, 64, 128], 'input_chunk_length': [30], 'lr': [0.001, 0.0001, 1e-05], 'num_attention_heads': [2, 3, 5, 7], 'num_lstm_layers': [2, 3, 4, 5], 'optimizer': ['adam'], 'output_chunk_length': [1]}",COMPLETE
25,25,0.012379837222397327,2024-08-06 18:35:54.337595,2024-08-06 18:39:56.631607,0 days 00:04:02.294012,256,0.0,1000,SwiGLU,32,30,1e-05,5,2,adam,1,25,"{'batch_size': [256], 'dropout_rate': [0.0, 0.05, 0.1], 'epochs': [1000], 'feed_forward': ['GLU', 'Bilinear', 'ReGLU', 'GEGLU', 'SwiGLU', 'ReLU', 'GELU', 'GatedResidualNetwork'], 'hidden_layer_dim': [32, 64, 128], 'input_chunk_length': [30], 'lr': [0.001, 0.0001, 1e-05], 'num_attention_heads': [2, 3, 5, 7], 'num_lstm_layers': [2, 3, 4, 5], 'optimizer': ['adam'], 'output_chunk_length': [1]}",COMPLETE
26,26,0.012082008644938469,2024-08-06 18:39:56.632456,2024-08-06 18:42:49.650911,0 days 00:02:53.018455,256,0.05,1000,GatedResidualNetwork,128,30,0.0001,2,3,adam,1,26,"{'batch_size': [256], 'dropout_rate': [0.0, 0.05, 0.1], 'epochs': [1000], 'feed_forward': ['GLU', 'Bilinear', 'ReGLU', 'GEGLU', 'SwiGLU', 'ReLU', 'GELU', 'GatedResidualNetwork'], 'hidden_layer_dim': [32, 64, 128], 'input_chunk_length': [30], 'lr': [0.001, 0.0001, 1e-05], 'num_attention_heads': [2, 3, 5, 7], 'num_lstm_layers': [2, 3, 4, 5], 'optimizer': ['adam'], 'output_chunk_length': [1]}",COMPLETE
27,27,0.012764779850840569,2024-08-06 18:42:49.651724,2024-08-06 18:50:33.007154,0 days 00:07:43.355430,256,0.1,1000,GatedResidualNetwork,64,30,0.001,7,2,adam,1,27,"{'batch_size': [256], 'dropout_rate': [0.0, 0.05, 0.1], 'epochs': [1000], 'feed_forward': ['GLU', 'Bilinear', 'ReGLU', 'GEGLU', 'SwiGLU', 'ReLU', 'GELU', 'GatedResidualNetwork'], 'hidden_layer_dim': [32, 64, 128], 'input_chunk_length': [30], 'lr': [0.001, 0.0001, 1e-05], 'num_attention_heads': [2, 3, 5, 7], 'num_lstm_layers': [2, 3, 4, 5], 'optimizer': ['adam'], 'output_chunk_length': [1]}",COMPLETE
28,28,0.012138545513153076,2024-08-06 18:50:33.007959,2024-08-06 18:52:40.406061,0 days 00:02:07.398102,256,0.0,1000,SwiGLU,32,30,0.001,7,3,adam,1,28,"{'batch_size': [256], 'dropout_rate': [0.0, 0.05, 0.1], 'epochs': [1000], 'feed_forward': ['GLU', 'Bilinear', 'ReGLU', 'GEGLU', 'SwiGLU', 'ReLU', 'GELU', 'GatedResidualNetwork'], 'hidden_layer_dim': [32, 64, 128], 'input_chunk_length': [30], 'lr': [0.001, 0.0001, 1e-05], 'num_attention_heads': [2, 3, 5, 7], 'num_lstm_layers': [2, 3, 4, 5], 'optimizer': ['adam'], 'output_chunk_length': [1]}",COMPLETE
29,29,0.012274581007659435,2024-08-06 18:52:40.406885,2024-08-06 18:55:15.257821,0 days 00:02:34.850936,256,0.1,1000,GEGLU,64,30,0.001,3,4,adam,1,29,"{'batch_size': [256], 'dropout_rate': [0.0, 0.05, 0.1], 'epochs': [1000], 'feed_forward': ['GLU', 'Bilinear', 'ReGLU', 'GEGLU', 'SwiGLU', 'ReLU', 'GELU', 'GatedResidualNetwork'], 'hidden_layer_dim': [32, 64, 128], 'input_chunk_length': [30], 'lr': [0.001, 0.0001, 1e-05], 'num_attention_heads': [2, 3, 5, 7], 'num_lstm_layers': [2, 3, 4, 5], 'optimizer': ['adam'], 'output_chunk_length': [1]}",COMPLETE
30,30,0.012111811898648739,2024-08-06 18:55:15.258646,2024-08-06 19:00:37.398846,0 days 00:05:22.140200,256,0.05,1000,Bilinear,128,30,0.0001,5,2,adam,1,30,"{'batch_size': [256], 'dropout_rate': [0.0, 0.05, 0.1], 'epochs': [1000], 'feed_forward': ['GLU', 'Bilinear', 'ReGLU', 'GEGLU', 'SwiGLU', 'ReLU', 'GELU', 'GatedResidualNetwork'], 'hidden_layer_dim': [32, 64, 128], 'input_chunk_length': [30], 'lr': [0.001, 0.0001, 1e-05], 'num_attention_heads': [2, 3, 5, 7], 'num_lstm_layers': [2, 3, 4, 5], 'optimizer': ['adam'], 'output_chunk_length': [1]}",COMPLETE
31,31,0.012286428362131119,2024-08-06 19:00:37.399659,2024-08-06 19:03:26.777697,0 days 00:02:49.378038,256,0.0,1000,GatedResidualNetwork,64,30,0.001,7,5,adam,1,31,"{'batch_size': [256], 'dropout_rate': [0.0, 0.05, 0.1], 'epochs': [1000], 'feed_forward': ['GLU', 'Bilinear', 'ReGLU', 'GEGLU', 'SwiGLU', 'ReLU', 'GELU', 'GatedResidualNetwork'], 'hidden_layer_dim': [32, 64, 128], 'input_chunk_length': [30], 'lr': [0.001, 0.0001, 1e-05], 'num_attention_heads': [2, 3, 5, 7], 'num_lstm_layers': [2, 3, 4, 5], 'optimizer': ['adam'], 'output_chunk_length': [1]}",COMPLETE
32,32,0.01219914574176073,2024-08-06 19:03:26.778508,2024-08-06 19:06:39.304896,0 days 00:03:12.526388,256,0.05,1000,ReLU,64,30,0.001,2,4,adam,1,32,"{'batch_size': [256], 'dropout_rate': [0.0, 0.05, 0.1], 'epochs': [1000], 'feed_forward': ['GLU', 'Bilinear', 'ReGLU', 'GEGLU', 'SwiGLU', 'ReLU', 'GELU', 'GatedResidualNetwork'], 'hidden_layer_dim': [32, 64, 128], 'input_chunk_length': [30], 'lr': [0.001, 0.0001, 1e-05], 'num_attention_heads': [2, 3, 5, 7], 'num_lstm_layers': [2, 3, 4, 5], 'optimizer': ['adam'], 'output_chunk_length': [1]}",COMPLETE
33,33,0.012349673546850681,2024-08-06 19:06:39.305742,2024-08-06 19:13:33.996066,0 days 00:06:54.690324,256,0.05,1000,ReLU,128,30,0.001,7,5,adam,1,33,"{'batch_size': [256], 'dropout_rate': [0.0, 0.05, 0.1], 'epochs': [1000], 'feed_forward': ['GLU', 'Bilinear', 'ReGLU', 'GEGLU', 'SwiGLU', 'ReLU', 'GELU', 'GatedResidualNetwork'], 'hidden_layer_dim': [32, 64, 128], 'input_chunk_length': [30], 'lr': [0.001, 0.0001, 1e-05], 'num_attention_heads': [2, 3, 5, 7], 'num_lstm_layers': [2, 3, 4, 5], 'optimizer': ['adam'], 'output_chunk_length': [1]}",COMPLETE
34,34,0.012138512916862965,2024-08-06 19:13:33.996892,2024-08-06 19:17:45.952393,0 days 00:04:11.955501,256,0.05,1000,ReGLU,32,30,0.001,5,5,adam,1,34,"{'batch_size': [256], 'dropout_rate': [0.0, 0.05, 0.1], 'epochs': [1000], 'feed_forward': ['GLU', 'Bilinear', 'ReGLU', 'GEGLU', 'SwiGLU', 'ReLU', 'GELU', 'GatedResidualNetwork'], 'hidden_layer_dim': [32, 64, 128], 'input_chunk_length': [30], 'lr': [0.001, 0.0001, 1e-05], 'num_attention_heads': [2, 3, 5, 7], 'num_lstm_layers': [2, 3, 4, 5], 'optimizer': ['adam'], 'output_chunk_length': [1]}",COMPLETE
35,35,0.012275462970137596,2024-08-06 19:17:45.953193,2024-08-06 19:23:22.623328,0 days 00:05:36.670135,256,0.1,1000,ReGLU,32,30,0.0001,5,3,adam,1,35,"{'batch_size': [256], 'dropout_rate': [0.0, 0.05, 0.1], 'epochs': [1000], 'feed_forward': ['GLU', 'Bilinear', 'ReGLU', 'GEGLU', 'SwiGLU', 'ReLU', 'GELU', 'GatedResidualNetwork'], 'hidden_layer_dim': [32, 64, 128], 'input_chunk_length': [30], 'lr': [0.001, 0.0001, 1e-05], 'num_attention_heads': [2, 3, 5, 7], 'num_lstm_layers': [2, 3, 4, 5], 'optimizer': ['adam'], 'output_chunk_length': [1]}",COMPLETE
36,36,0.012119530700147152,2024-08-06 19:23:22.624131,2024-08-06 19:27:09.074316,0 days 00:03:46.450185,256,0.0,1000,ReGLU,64,30,0.0001,3,2,adam,1,36,"{'batch_size': [256], 'dropout_rate': [0.0, 0.05, 0.1], 'epochs': [1000], 'feed_forward': ['GLU', 'Bilinear', 'ReGLU', 'GEGLU', 'SwiGLU', 'ReLU', 'GELU', 'GatedResidualNetwork'], 'hidden_layer_dim': [32, 64, 128], 'input_chunk_length': [30], 'lr': [0.001, 0.0001, 1e-05], 'num_attention_heads': [2, 3, 5, 7], 'num_lstm_layers': [2, 3, 4, 5], 'optimizer': ['adam'], 'output_chunk_length': [1]}",COMPLETE
37,37,0.012192931026220322,2024-08-06 19:27:09.075148,2024-08-06 19:29:33.082351,0 days 00:02:24.007203,256,0.0,1000,GELU,128,30,0.001,2,3,adam,1,37,"{'batch_size': [256], 'dropout_rate': [0.0, 0.05, 0.1], 'epochs': [1000], 'feed_forward': ['GLU', 'Bilinear', 'ReGLU', 'GEGLU', 'SwiGLU', 'ReLU', 'GELU', 'GatedResidualNetwork'], 'hidden_layer_dim': [32, 64, 128], 'input_chunk_length': [30], 'lr': [0.001, 0.0001, 1e-05], 'num_attention_heads': [2, 3, 5, 7], 'num_lstm_layers': [2, 3, 4, 5], 'optimizer': ['adam'], 'output_chunk_length': [1]}",COMPLETE
38,38,0.01210029236972332,2024-08-06 19:29:33.083161,2024-08-06 19:31:08.930105,0 days 00:01:35.846944,256,0.1,1000,ReLU,64,30,1e-05,7,3,adam,1,38,"{'batch_size': [256], 'dropout_rate': [0.0, 0.05, 0.1], 'epochs': [1000], 'feed_forward': ['GLU', 'Bilinear', 'ReGLU', 'GEGLU', 'SwiGLU', 'ReLU', 'GELU', 'GatedResidualNetwork'], 'hidden_layer_dim': [32, 64, 128], 'input_chunk_length': [30], 'lr': [0.001, 0.0001, 1e-05], 'num_attention_heads': [2, 3, 5, 7], 'num_lstm_layers': [2, 3, 4, 5], 'optimizer': ['adam'], 'output_chunk_length': [1]}",COMPLETE
39,39,0.012357363477349281,2024-08-06 19:31:08.930895,2024-08-06 19:36:00.556498,0 days 00:04:51.625603,256,0.0,1000,GLU,128,30,1e-05,2,5,adam,1,39,"{'batch_size': [256], 'dropout_rate': [0.0, 0.05, 0.1], 'epochs': [1000], 'feed_forward': ['GLU', 'Bilinear', 'ReGLU', 'GEGLU', 'SwiGLU', 'ReLU', 'GELU', 'GatedResidualNetwork'], 'hidden_layer_dim': [32, 64, 128], 'input_chunk_length': [30], 'lr': [0.001, 0.0001, 1e-05], 'num_attention_heads': [2, 3, 5, 7], 'num_lstm_layers': [2, 3, 4, 5], 'optimizer': ['adam'], 'output_chunk_length': [1]}",COMPLETE
40,40,0.012209302745759487,2024-08-06 19:36:00.557295,2024-08-06 19:40:21.060526,0 days 00:04:20.503231,256,0.0,1000,GatedResidualNetwork,32,30,0.001,3,5,adam,1,40,"{'batch_size': [256], 'dropout_rate': [0.0, 0.05, 0.1], 'epochs': [1000], 'feed_forward': ['GLU', 'Bilinear', 'ReGLU', 'GEGLU', 'SwiGLU', 'ReLU', 'GELU', 'GatedResidualNetwork'], 'hidden_layer_dim': [32, 64, 128], 'input_chunk_length': [30], 'lr': [0.001, 0.0001, 1e-05], 'num_attention_heads': [2, 3, 5, 7], 'num_lstm_layers': [2, 3, 4, 5], 'optimizer': ['adam'], 'output_chunk_length': [1]}",COMPLETE
41,41,0.012080143205821514,2024-08-06 19:40:21.061347,2024-08-06 19:46:53.696204,0 days 00:06:32.634857,256,0.0,1000,GELU,128,30,0.001,2,2,adam,1,41,"{'batch_size': [256], 'dropout_rate': [0.0, 0.05, 0.1], 'epochs': [1000], 'feed_forward': ['GLU', 'Bilinear', 'ReGLU', 'GEGLU', 'SwiGLU', 'ReLU', 'GELU', 'GatedResidualNetwork'], 'hidden_layer_dim': [32, 64, 128], 'input_chunk_length': [30], 'lr': [0.001, 0.0001, 1e-05], 'num_attention_heads': [2, 3, 5, 7], 'num_lstm_layers': [2, 3, 4, 5], 'optimizer': ['adam'], 'output_chunk_length': [1]}",COMPLETE
42,42,0.012125923298299313,2024-08-06 19:46:53.697033,2024-08-06 19:49:47.490448,0 days 00:02:53.793415,256,0.0,1000,SwiGLU,32,30,0.001,3,2,adam,1,42,"{'batch_size': [256], 'dropout_rate': [0.0, 0.05, 0.1], 'epochs': [1000], 'feed_forward': ['GLU', 'Bilinear', 'ReGLU', 'GEGLU', 'SwiGLU', 'ReLU', 'GELU', 'GatedResidualNetwork'], 'hidden_layer_dim': [32, 64, 128], 'input_chunk_length': [30], 'lr': [0.001, 0.0001, 1e-05], 'num_attention_heads': [2, 3, 5, 7], 'num_lstm_layers': [2, 3, 4, 5], 'optimizer': ['adam'], 'output_chunk_length': [1]}",COMPLETE
43,43,0.012123199179768562,2024-08-06 19:49:47.491258,2024-08-06 20:06:29.416119,0 days 00:16:41.924861,256,0.1,1000,GatedResidualNetwork,128,30,1e-05,5,5,adam,1,43,"{'batch_size': [256], 'dropout_rate': [0.0, 0.05, 0.1], 'epochs': [1000], 'feed_forward': ['GLU', 'Bilinear', 'ReGLU', 'GEGLU', 'SwiGLU', 'ReLU', 'GELU', 'GatedResidualNetwork'], 'hidden_layer_dim': [32, 64, 128], 'input_chunk_length': [30], 'lr': [0.001, 0.0001, 1e-05], 'num_attention_heads': [2, 3, 5, 7], 'num_lstm_layers': [2, 3, 4, 5], 'optimizer': ['adam'], 'output_chunk_length': [1]}",COMPLETE
44,44,0.012138545513153076,2024-08-06 20:06:29.416949,2024-08-06 20:08:37.208622,0 days 00:02:07.791673,256,0.0,1000,SwiGLU,32,30,0.0001,7,3,adam,1,44,"{'batch_size': [256], 'dropout_rate': [0.0, 0.05, 0.1], 'epochs': [1000], 'feed_forward': ['GLU', 'Bilinear', 'ReGLU', 'GEGLU', 'SwiGLU', 'ReLU', 'GELU', 'GatedResidualNetwork'], 'hidden_layer_dim': [32, 64, 128], 'input_chunk_length': [30], 'lr': [0.001, 0.0001, 1e-05], 'num_attention_heads': [2, 3, 5, 7], 'num_lstm_layers': [2, 3, 4, 5], 'optimizer': ['adam'], 'output_chunk_length': [1]}",COMPLETE
45,45,0.012442203238606453,2024-08-06 20:08:37.209421,2024-08-06 20:12:59.147355,0 days 00:04:21.937934,256,0.05,1000,Bilinear,64,30,1e-05,2,4,adam,1,45,"{'batch_size': [256], 'dropout_rate': [0.0, 0.05, 0.1], 'epochs': [1000], 'feed_forward': ['GLU', 'Bilinear', 'ReGLU', 'GEGLU', 'SwiGLU', 'ReLU', 'GELU', 'GatedResidualNetwork'], 'hidden_layer_dim': [32, 64, 128], 'input_chunk_length': [30], 'lr': [0.001, 0.0001, 1e-05], 'num_attention_heads': [2, 3, 5, 7], 'num_lstm_layers': [2, 3, 4, 5], 'optimizer': ['adam'], 'output_chunk_length': [1]}",COMPLETE
46,46,0.012153074145317078,2024-08-06 20:12:59.148162,2024-08-06 20:14:14.222434,0 days 00:01:15.074272,256,0.0,1000,SwiGLU,64,30,0.0001,7,3,adam,1,46,"{'batch_size': [256], 'dropout_rate': [0.0, 0.05, 0.1], 'epochs': [1000], 'feed_forward': ['GLU', 'Bilinear', 'ReGLU', 'GEGLU', 'SwiGLU', 'ReLU', 'GELU', 'GatedResidualNetwork'], 'hidden_layer_dim': [32, 64, 128], 'input_chunk_length': [30], 'lr': [0.001, 0.0001, 1e-05], 'num_attention_heads': [2, 3, 5, 7], 'num_lstm_layers': [2, 3, 4, 5], 'optimizer': ['adam'], 'output_chunk_length': [1]}",COMPLETE
47,47,0.012507275678217411,2024-08-06 20:14:14.223208,2024-08-06 20:19:24.426337,0 days 00:05:10.203129,256,0.05,1000,Bilinear,64,30,0.0001,5,4,adam,1,47,"{'batch_size': [256], 'dropout_rate': [0.0, 0.05, 0.1], 'epochs': [1000], 'feed_forward': ['GLU', 'Bilinear', 'ReGLU', 'GEGLU', 'SwiGLU', 'ReLU', 'GELU', 'GatedResidualNetwork'], 'hidden_layer_dim': [32, 64, 128], 'input_chunk_length': [30], 'lr': [0.001, 0.0001, 1e-05], 'num_attention_heads': [2, 3, 5, 7], 'num_lstm_layers': [2, 3, 4, 5], 'optimizer': ['adam'], 'output_chunk_length': [1]}",COMPLETE
48,48,0.012232932262122631,2024-08-06 20:19:24.427129,2024-08-06 20:23:44.694288,0 days 00:04:20.267159,256,0.1,1000,Bilinear,32,30,0.0001,3,5,adam,1,48,"{'batch_size': [256], 'dropout_rate': [0.0, 0.05, 0.1], 'epochs': [1000], 'feed_forward': ['GLU', 'Bilinear', 'ReGLU', 'GEGLU', 'SwiGLU', 'ReLU', 'GELU', 'GatedResidualNetwork'], 'hidden_layer_dim': [32, 64, 128], 'input_chunk_length': [30], 'lr': [0.001, 0.0001, 1e-05], 'num_attention_heads': [2, 3, 5, 7], 'num_lstm_layers': [2, 3, 4, 5], 'optimizer': ['adam'], 'output_chunk_length': [1]}",COMPLETE
49,49,0.012152986600995064,2024-08-06 20:23:44.695107,2024-08-06 20:26:28.107563,0 days 00:02:43.412456,256,0.0,1000,ReLU,64,30,0.0001,7,3,adam,1,49,"{'batch_size': [256], 'dropout_rate': [0.0, 0.05, 0.1], 'epochs': [1000], 'feed_forward': ['GLU', 'Bilinear', 'ReGLU', 'GEGLU', 'SwiGLU', 'ReLU', 'GELU', 'GatedResidualNetwork'], 'hidden_layer_dim': [32, 64, 128], 'input_chunk_length': [30], 'lr': [0.001, 0.0001, 1e-05], 'num_attention_heads': [2, 3, 5, 7], 'num_lstm_layers': [2, 3, 4, 5], 'optimizer': ['adam'], 'output_chunk_length': [1]}",COMPLETE
50,50,0.012317010201513767,2024-08-06 20:26:28.108366,2024-08-06 20:31:15.720684,0 days 00:04:47.612318,256,0.0,1000,ReGLU,32,30,1e-05,5,3,adam,1,50,"{'batch_size': [256], 'dropout_rate': [0.0, 0.05, 0.1], 'epochs': [1000], 'feed_forward': ['GLU', 'Bilinear', 'ReGLU', 'GEGLU', 'SwiGLU', 'ReLU', 'GELU', 'GatedResidualNetwork'], 'hidden_layer_dim': [32, 64, 128], 'input_chunk_length': [30], 'lr': [0.001, 0.0001, 1e-05], 'num_attention_heads': [2, 3, 5, 7], 'num_lstm_layers': [2, 3, 4, 5], 'optimizer': ['adam'], 'output_chunk_length': [1]}",COMPLETE
51,51,0.012141565792262554,2024-08-06 20:31:15.721492,2024-08-06 20:36:06.275410,0 days 00:04:50.553918,256,0.0,1000,GEGLU,128,30,1e-05,7,5,adam,1,51,"{'batch_size': [256], 'dropout_rate': [0.0, 0.05, 0.1], 'epochs': [1000], 'feed_forward': ['GLU', 'Bilinear', 'ReGLU', 'GEGLU', 'SwiGLU', 'ReLU', 'GELU', 'GatedResidualNetwork'], 'hidden_layer_dim': [32, 64, 128], 'input_chunk_length': [30], 'lr': [0.001, 0.0001, 1e-05], 'num_attention_heads': [2, 3, 5, 7], 'num_lstm_layers': [2, 3, 4, 5], 'optimizer': ['adam'], 'output_chunk_length': [1]}",COMPLETE
52,52,0.012144934386014938,2024-08-06 20:36:06.276256,2024-08-06 20:43:45.317308,0 days 00:07:39.041052,256,0.1,1000,GLU,64,30,0.0001,2,4,adam,1,52,"{'batch_size': [256], 'dropout_rate': [0.0, 0.05, 0.1], 'epochs': [1000], 'feed_forward': ['GLU', 'Bilinear', 'ReGLU', 'GEGLU', 'SwiGLU', 'ReLU', 'GELU', 'GatedResidualNetwork'], 'hidden_layer_dim': [32, 64, 128], 'input_chunk_length': [30], 'lr': [0.001, 0.0001, 1e-05], 'num_attention_heads': [2, 3, 5, 7], 'num_lstm_layers': [2, 3, 4, 5], 'optimizer': ['adam'], 'output_chunk_length': [1]}",COMPLETE
53,53,0.01229001209139824,2024-08-06 20:43:45.318145,2024-08-06 20:54:25.768919,0 days 00:10:40.450774,256,0.1,1000,ReGLU,128,30,1e-05,5,2,adam,1,53,"{'batch_size': [256], 'dropout_rate': [0.0, 0.05, 0.1], 'epochs': [1000], 'feed_forward': ['GLU', 'Bilinear', 'ReGLU', 'GEGLU', 'SwiGLU', 'ReLU', 'GELU', 'GatedResidualNetwork'], 'hidden_layer_dim': [32, 64, 128], 'input_chunk_length': [30], 'lr': [0.001, 0.0001, 1e-05], 'num_attention_heads': [2, 3, 5, 7], 'num_lstm_layers': [2, 3, 4, 5], 'optimizer': ['adam'], 'output_chunk_length': [1]}",COMPLETE
54,54,0.012126294896006584,2024-08-06 20:54:25.769760,2024-08-06 20:59:37.615316,0 days 00:05:11.845556,256,0.05,1000,GatedResidualNetwork,128,30,0.001,2,5,adam,1,54,"{'batch_size': [256], 'dropout_rate': [0.0, 0.05, 0.1], 'epochs': [1000], 'feed_forward': ['GLU', 'Bilinear', 'ReGLU', 'GEGLU', 'SwiGLU', 'ReLU', 'GELU', 'GatedResidualNetwork'], 'hidden_layer_dim': [32, 64, 128], 'input_chunk_length': [30], 'lr': [0.001, 0.0001, 1e-05], 'num_attention_heads': [2, 3, 5, 7], 'num_lstm_layers': [2, 3, 4, 5], 'optimizer': ['adam'], 'output_chunk_length': [1]}",COMPLETE
55,55,0.01210676971822977,2024-08-06 20:59:37.616132,2024-08-06 21:02:30.994366,0 days 00:02:53.378234,256,0.1,1000,SwiGLU,128,30,0.001,7,2,adam,1,55,"{'batch_size': [256], 'dropout_rate': [0.0, 0.05, 0.1], 'epochs': [1000], 'feed_forward': ['GLU', 'Bilinear', 'ReGLU', 'GEGLU', 'SwiGLU', 'ReLU', 'GELU', 'GatedResidualNetwork'], 'hidden_layer_dim': [32, 64, 128], 'input_chunk_length': [30], 'lr': [0.001, 0.0001, 1e-05], 'num_attention_heads': [2, 3, 5, 7], 'num_lstm_layers': [2, 3, 4, 5], 'optimizer': ['adam'], 'output_chunk_length': [1]}",COMPLETE
56,56,0.012154233641922474,2024-08-06 21:02:30.995170,2024-08-06 21:14:21.509662,0 days 00:11:50.514492,256,0.05,1000,Bilinear,32,30,0.0001,5,4,adam,1,56,"{'batch_size': [256], 'dropout_rate': [0.0, 0.05, 0.1], 'epochs': [1000], 'feed_forward': ['GLU', 'Bilinear', 'ReGLU', 'GEGLU', 'SwiGLU', 'ReLU', 'GELU', 'GatedResidualNetwork'], 'hidden_layer_dim': [32, 64, 128], 'input_chunk_length': [30], 'lr': [0.001, 0.0001, 1e-05], 'num_attention_heads': [2, 3, 5, 7], 'num_lstm_layers': [2, 3, 4, 5], 'optimizer': ['adam'], 'output_chunk_length': [1]}",COMPLETE
57,57,0.01211489550769329,2024-08-06 21:14:21.510480,2024-08-06 21:18:22.086729,0 days 00:04:00.576249,256,0.1,1000,GatedResidualNetwork,64,30,0.001,3,4,adam,1,57,"{'batch_size': [256], 'dropout_rate': [0.0, 0.05, 0.1], 'epochs': [1000], 'feed_forward': ['GLU', 'Bilinear', 'ReGLU', 'GEGLU', 'SwiGLU', 'ReLU', 'GELU', 'GatedResidualNetwork'], 'hidden_layer_dim': [32, 64, 128], 'input_chunk_length': [30], 'lr': [0.001, 0.0001, 1e-05], 'num_attention_heads': [2, 3, 5, 7], 'num_lstm_layers': [2, 3, 4, 5], 'optimizer': ['adam'], 'output_chunk_length': [1]}",COMPLETE
58,58,0.012147684581577778,2024-08-06 21:18:22.087563,2024-08-06 21:22:24.441499,0 days 00:04:02.353936,256,0.0,1000,Bilinear,128,30,0.0001,3,2,adam,1,58,"{'batch_size': [256], 'dropout_rate': [0.0, 0.05, 0.1], 'epochs': [1000], 'feed_forward': ['GLU', 'Bilinear', 'ReGLU', 'GEGLU', 'SwiGLU', 'ReLU', 'GELU', 'GatedResidualNetwork'], 'hidden_layer_dim': [32, 64, 128], 'input_chunk_length': [30], 'lr': [0.001, 0.0001, 1e-05], 'num_attention_heads': [2, 3, 5, 7], 'num_lstm_layers': [2, 3, 4, 5], 'optimizer': ['adam'], 'output_chunk_length': [1]}",COMPLETE
59,59,0.01221175491809845,2024-08-06 21:22:24.442330,2024-08-06 21:28:00.061144,0 days 00:05:35.618814,256,0.0,1000,ReLU,128,30,1e-05,3,5,adam,1,59,"{'batch_size': [256], 'dropout_rate': [0.0, 0.05, 0.1], 'epochs': [1000], 'feed_forward': ['GLU', 'Bilinear', 'ReGLU', 'GEGLU', 'SwiGLU', 'ReLU', 'GELU', 'GatedResidualNetwork'], 'hidden_layer_dim': [32, 64, 128], 'input_chunk_length': [30], 'lr': [0.001, 0.0001, 1e-05], 'num_attention_heads': [2, 3, 5, 7], 'num_lstm_layers': [2, 3, 4, 5], 'optimizer': ['adam'], 'output_chunk_length': [1]}",COMPLETE
60,60,0.012270412407815456,2024-08-06 21:28:00.061993,2024-08-06 21:34:14.939034,0 days 00:06:14.877041,256,0.1,1000,SwiGLU,32,30,1e-05,2,3,adam,1,60,"{'batch_size': [256], 'dropout_rate': [0.0, 0.05, 0.1], 'epochs': [1000], 'feed_forward': ['GLU', 'Bilinear', 'ReGLU', 'GEGLU', 'SwiGLU', 'ReLU', 'GELU', 'GatedResidualNetwork'], 'hidden_layer_dim': [32, 64, 128], 'input_chunk_length': [30], 'lr': [0.001, 0.0001, 1e-05], 'num_attention_heads': [2, 3, 5, 7], 'num_lstm_layers': [2, 3, 4, 5], 'optimizer': ['adam'], 'output_chunk_length': [1]}",COMPLETE
61,61,0.012159942649304867,2024-08-06 21:34:14.939858,2024-08-06 21:36:57.033986,0 days 00:02:42.094128,256,0.1,1000,ReGLU,64,30,1e-05,5,2,adam,1,61,"{'batch_size': [256], 'dropout_rate': [0.0, 0.05, 0.1], 'epochs': [1000], 'feed_forward': ['GLU', 'Bilinear', 'ReGLU', 'GEGLU', 'SwiGLU', 'ReLU', 'GELU', 'GatedResidualNetwork'], 'hidden_layer_dim': [32, 64, 128], 'input_chunk_length': [30], 'lr': [0.001, 0.0001, 1e-05], 'num_attention_heads': [2, 3, 5, 7], 'num_lstm_layers': [2, 3, 4, 5], 'optimizer': ['adam'], 'output_chunk_length': [1]}",COMPLETE
62,62,0.012080148793756962,2024-08-06 21:36:57.034816,2024-08-06 21:43:30.127584,0 days 00:06:33.092768,256,0.0,1000,GELU,128,30,1e-05,2,2,adam,1,62,"{'batch_size': [256], 'dropout_rate': [0.0, 0.05, 0.1], 'epochs': [1000], 'feed_forward': ['GLU', 'Bilinear', 'ReGLU', 'GEGLU', 'SwiGLU', 'ReLU', 'GELU', 'GatedResidualNetwork'], 'hidden_layer_dim': [32, 64, 128], 'input_chunk_length': [30], 'lr': [0.001, 0.0001, 1e-05], 'num_attention_heads': [2, 3, 5, 7], 'num_lstm_layers': [2, 3, 4, 5], 'optimizer': ['adam'], 'output_chunk_length': [1]}",COMPLETE
63,63,0.01217519212514162,2024-08-06 21:43:30.128430,2024-08-06 21:50:39.015074,0 days 00:07:08.886644,256,0.1,1000,SwiGLU,64,30,0.001,2,5,adam,1,63,"{'batch_size': [256], 'dropout_rate': [0.0, 0.05, 0.1], 'epochs': [1000], 'feed_forward': ['GLU', 'Bilinear', 'ReGLU', 'GEGLU', 'SwiGLU', 'ReLU', 'GELU', 'GatedResidualNetwork'], 'hidden_layer_dim': [32, 64, 128], 'input_chunk_length': [30], 'lr': [0.001, 0.0001, 1e-05], 'num_attention_heads': [2, 3, 5, 7], 'num_lstm_layers': [2, 3, 4, 5], 'optimizer': ['adam'], 'output_chunk_length': [1]}",COMPLETE
64,64,0.012106142938137054,2024-08-06 21:50:39.015865,2024-08-06 21:55:27.917413,0 days 00:04:48.901548,256,0.0,1000,ReLU,128,30,0.001,3,2,adam,1,64,"{'batch_size': [256], 'dropout_rate': [0.0, 0.05, 0.1], 'epochs': [1000], 'feed_forward': ['GLU', 'Bilinear', 'ReGLU', 'GEGLU', 'SwiGLU', 'ReLU', 'GELU', 'GatedResidualNetwork'], 'hidden_layer_dim': [32, 64, 128], 'input_chunk_length': [30], 'lr': [0.001, 0.0001, 1e-05], 'num_attention_heads': [2, 3, 5, 7], 'num_lstm_layers': [2, 3, 4, 5], 'optimizer': ['adam'], 'output_chunk_length': [1]}",COMPLETE
65,65,0.012434160336852074,2024-08-06 21:55:27.918271,2024-08-06 21:58:57.572802,0 days 00:03:29.654531,256,0.0,1000,GatedResidualNetwork,32,30,0.0001,3,3,adam,1,65,"{'batch_size': [256], 'dropout_rate': [0.0, 0.05, 0.1], 'epochs': [1000], 'feed_forward': ['GLU', 'Bilinear', 'ReGLU', 'GEGLU', 'SwiGLU', 'ReLU', 'GELU', 'GatedResidualNetwork'], 'hidden_layer_dim': [32, 64, 128], 'input_chunk_length': [30], 'lr': [0.001, 0.0001, 1e-05], 'num_attention_heads': [2, 3, 5, 7], 'num_lstm_layers': [2, 3, 4, 5], 'optimizer': ['adam'], 'output_chunk_length': [1]}",COMPLETE
66,66,0.012219185009598732,2024-08-06 21:58:57.573627,2024-08-06 22:01:38.433360,0 days 00:02:40.859733,256,0.05,1000,Bilinear,64,30,0.0001,5,2,adam,1,66,"{'batch_size': [256], 'dropout_rate': [0.0, 0.05, 0.1], 'epochs': [1000], 'feed_forward': ['GLU', 'Bilinear', 'ReGLU', 'GEGLU', 'SwiGLU', 'ReLU', 'GELU', 'GatedResidualNetwork'], 'hidden_layer_dim': [32, 64, 128], 'input_chunk_length': [30], 'lr': [0.001, 0.0001, 1e-05], 'num_attention_heads': [2, 3, 5, 7], 'num_lstm_layers': [2, 3, 4, 5], 'optimizer': ['adam'], 'output_chunk_length': [1]}",COMPLETE
67,67,0.012155708856880665,2024-08-06 22:01:38.434150,2024-08-06 22:04:23.686564,0 days 00:02:45.252414,256,0.0,1000,GLU,64,30,0.001,2,3,adam,1,67,"{'batch_size': [256], 'dropout_rate': [0.0, 0.05, 0.1], 'epochs': [1000], 'feed_forward': ['GLU', 'Bilinear', 'ReGLU', 'GEGLU', 'SwiGLU', 'ReLU', 'GELU', 'GatedResidualNetwork'], 'hidden_layer_dim': [32, 64, 128], 'input_chunk_length': [30], 'lr': [0.001, 0.0001, 1e-05], 'num_attention_heads': [2, 3, 5, 7], 'num_lstm_layers': [2, 3, 4, 5], 'optimizer': ['adam'], 'output_chunk_length': [1]}",COMPLETE
68,68,0.01215226948261261,2024-08-06 22:04:23.687371,2024-08-06 22:08:42.283628,0 days 00:04:18.596257,256,0.05,1000,Bilinear,128,30,0.001,5,3,adam,1,68,"{'batch_size': [256], 'dropout_rate': [0.0, 0.05, 0.1], 'epochs': [1000], 'feed_forward': ['GLU', 'Bilinear', 'ReGLU', 'GEGLU', 'SwiGLU', 'ReLU', 'GELU', 'GatedResidualNetwork'], 'hidden_layer_dim': [32, 64, 128], 'input_chunk_length': [30], 'lr': [0.001, 0.0001, 1e-05], 'num_attention_heads': [2, 3, 5, 7], 'num_lstm_layers': [2, 3, 4, 5], 'optimizer': ['adam'], 'output_chunk_length': [1]}",COMPLETE
69,69,0.012157849036157131,2024-08-06 22:08:42.284430,2024-08-06 22:12:44.910438,0 days 00:04:02.626008,256,0.05,1000,SwiGLU,32,30,0.0001,2,2,adam,1,69,"{'batch_size': [256], 'dropout_rate': [0.0, 0.05, 0.1], 'epochs': [1000], 'feed_forward': ['GLU', 'Bilinear', 'ReGLU', 'GEGLU', 'SwiGLU', 'ReLU', 'GELU', 'GatedResidualNetwork'], 'hidden_layer_dim': [32, 64, 128], 'input_chunk_length': [30], 'lr': [0.001, 0.0001, 1e-05], 'num_attention_heads': [2, 3, 5, 7], 'num_lstm_layers': [2, 3, 4, 5], 'optimizer': ['adam'], 'output_chunk_length': [1]}",COMPLETE
70,70,0.012097641825675964,2024-08-06 22:12:44.911263,2024-08-06 22:14:22.973265,0 days 00:01:38.062002,256,0.1,1000,GEGLU,32,30,0.0001,2,5,adam,1,70,"{'batch_size': [256], 'dropout_rate': [0.0, 0.05, 0.1], 'epochs': [1000], 'feed_forward': ['GLU', 'Bilinear', 'ReGLU', 'GEGLU', 'SwiGLU', 'ReLU', 'GELU', 'GatedResidualNetwork'], 'hidden_layer_dim': [32, 64, 128], 'input_chunk_length': [30], 'lr': [0.001, 0.0001, 1e-05], 'num_attention_heads': [2, 3, 5, 7], 'num_lstm_layers': [2, 3, 4, 5], 'optimizer': ['adam'], 'output_chunk_length': [1]}",COMPLETE
71,71,0.012166696600615978,2024-08-06 22:14:22.974097,2024-08-06 22:22:40.436228,0 days 00:08:17.462131,256,0.05,1000,Bilinear,64,30,0.001,3,4,adam,1,71,"{'batch_size': [256], 'dropout_rate': [0.0, 0.05, 0.1], 'epochs': [1000], 'feed_forward': ['GLU', 'Bilinear', 'ReGLU', 'GEGLU', 'SwiGLU', 'ReLU', 'GELU', 'GatedResidualNetwork'], 'hidden_layer_dim': [32, 64, 128], 'input_chunk_length': [30], 'lr': [0.001, 0.0001, 1e-05], 'num_attention_heads': [2, 3, 5, 7], 'num_lstm_layers': [2, 3, 4, 5], 'optimizer': ['adam'], 'output_chunk_length': [1]}",COMPLETE
72,72,0.012133169919252396,2024-08-06 22:22:40.437079,2024-08-06 22:28:18.059883,0 days 00:05:37.622804,256,0.05,1000,GELU,128,30,0.0001,5,4,adam,1,72,"{'batch_size': [256], 'dropout_rate': [0.0, 0.05, 0.1], 'epochs': [1000], 'feed_forward': ['GLU', 'Bilinear', 'ReGLU', 'GEGLU', 'SwiGLU', 'ReLU', 'GELU', 'GatedResidualNetwork'], 'hidden_layer_dim': [32, 64, 128], 'input_chunk_length': [30], 'lr': [0.001, 0.0001, 1e-05], 'num_attention_heads': [2, 3, 5, 7], 'num_lstm_layers': [2, 3, 4, 5], 'optimizer': ['adam'], 'output_chunk_length': [1]}",COMPLETE
73,73,0.012168703600764275,2024-08-06 22:28:18.060713,2024-08-06 22:35:20.866943,0 days 00:07:02.806230,256,0.1,1000,GLU,32,30,0.001,2,2,adam,1,73,"{'batch_size': [256], 'dropout_rate': [0.0, 0.05, 0.1], 'epochs': [1000], 'feed_forward': ['GLU', 'Bilinear', 'ReGLU', 'GEGLU', 'SwiGLU', 'ReLU', 'GELU', 'GatedResidualNetwork'], 'hidden_layer_dim': [32, 64, 128], 'input_chunk_length': [30], 'lr': [0.001, 0.0001, 1e-05], 'num_attention_heads': [2, 3, 5, 7], 'num_lstm_layers': [2, 3, 4, 5], 'optimizer': ['adam'], 'output_chunk_length': [1]}",COMPLETE
74,74,0.012181032449007034,2024-08-06 22:35:20.867758,2024-08-06 22:40:43.701408,0 days 00:05:22.833650,256,0.05,1000,GELU,128,30,0.0001,7,4,adam,1,74,"{'batch_size': [256], 'dropout_rate': [0.0, 0.05, 0.1], 'epochs': [1000], 'feed_forward': ['GLU', 'Bilinear', 'ReGLU', 'GEGLU', 'SwiGLU', 'ReLU', 'GELU', 'GatedResidualNetwork'], 'hidden_layer_dim': [32, 64, 128], 'input_chunk_length': [30], 'lr': [0.001, 0.0001, 1e-05], 'num_attention_heads': [2, 3, 5, 7], 'num_lstm_layers': [2, 3, 4, 5], 'optimizer': ['adam'], 'output_chunk_length': [1]}",COMPLETE
75,75,0.01215243898332119,2024-08-06 22:40:43.702211,2024-08-06 22:42:20.762333,0 days 00:01:37.060122,256,0.05,1000,SwiGLU,64,30,0.001,7,2,adam,1,75,"{'batch_size': [256], 'dropout_rate': [0.0, 0.05, 0.1], 'epochs': [1000], 'feed_forward': ['GLU', 'Bilinear', 'ReGLU', 'GEGLU', 'SwiGLU', 'ReLU', 'GELU', 'GatedResidualNetwork'], 'hidden_layer_dim': [32, 64, 128], 'input_chunk_length': [30], 'lr': [0.001, 0.0001, 1e-05], 'num_attention_heads': [2, 3, 5, 7], 'num_lstm_layers': [2, 3, 4, 5], 'optimizer': ['adam'], 'output_chunk_length': [1]}",COMPLETE
76,76,0.01215191837400198,2024-08-06 22:42:20.763124,2024-08-06 22:47:27.517294,0 days 00:05:06.754170,256,0.05,1000,GELU,64,30,1e-05,7,4,adam,1,76,"{'batch_size': [256], 'dropout_rate': [0.0, 0.05, 0.1], 'epochs': [1000], 'feed_forward': ['GLU', 'Bilinear', 'ReGLU', 'GEGLU', 'SwiGLU', 'ReLU', 'GELU', 'GatedResidualNetwork'], 'hidden_layer_dim': [32, 64, 128], 'input_chunk_length': [30], 'lr': [0.001, 0.0001, 1e-05], 'num_attention_heads': [2, 3, 5, 7], 'num_lstm_layers': [2, 3, 4, 5], 'optimizer': ['adam'], 'output_chunk_length': [1]}",COMPLETE
77,77,0.012310010381042957,2024-08-06 22:47:27.518097,2024-08-06 22:54:21.112630,0 days 00:06:53.594533,256,0.0,1000,Bilinear,64,30,1e-05,3,4,adam,1,77,"{'batch_size': [256], 'dropout_rate': [0.0, 0.05, 0.1], 'epochs': [1000], 'feed_forward': ['GLU', 'Bilinear', 'ReGLU', 'GEGLU', 'SwiGLU', 'ReLU', 'GELU', 'GatedResidualNetwork'], 'hidden_layer_dim': [32, 64, 128], 'input_chunk_length': [30], 'lr': [0.001, 0.0001, 1e-05], 'num_attention_heads': [2, 3, 5, 7], 'num_lstm_layers': [2, 3, 4, 5], 'optimizer': ['adam'], 'output_chunk_length': [1]}",COMPLETE
78,78,0.01213204674422741,2024-08-06 22:54:21.113468,2024-08-06 23:01:22.475985,0 days 00:07:01.362517,256,0.05,1000,GLU,128,30,0.001,3,4,adam,1,78,"{'batch_size': [256], 'dropout_rate': [0.0, 0.05, 0.1], 'epochs': [1000], 'feed_forward': ['GLU', 'Bilinear', 'ReGLU', 'GEGLU', 'SwiGLU', 'ReLU', 'GELU', 'GatedResidualNetwork'], 'hidden_layer_dim': [32, 64, 128], 'input_chunk_length': [30], 'lr': [0.001, 0.0001, 1e-05], 'num_attention_heads': [2, 3, 5, 7], 'num_lstm_layers': [2, 3, 4, 5], 'optimizer': ['adam'], 'output_chunk_length': [1]}",COMPLETE
79,79,0.012062076479196548,2024-08-06 23:01:22.476804,2024-08-06 23:06:19.643594,0 days 00:04:57.166790,256,0.1,1000,GEGLU,64,30,1e-05,3,3,adam,1,79,"{'batch_size': [256], 'dropout_rate': [0.0, 0.05, 0.1], 'epochs': [1000], 'feed_forward': ['GLU', 'Bilinear', 'ReGLU', 'GEGLU', 'SwiGLU', 'ReLU', 'GELU', 'GatedResidualNetwork'], 'hidden_layer_dim': [32, 64, 128], 'input_chunk_length': [30], 'lr': [0.001, 0.0001, 1e-05], 'num_attention_heads': [2, 3, 5, 7], 'num_lstm_layers': [2, 3, 4, 5], 'optimizer': ['adam'], 'output_chunk_length': [1]}",COMPLETE
80,80,0.012224122881889343,2024-08-06 23:06:19.644412,2024-08-06 23:09:58.052953,0 days 00:03:38.408541,256,0.1,1000,SwiGLU,128,30,0.001,5,3,adam,1,80,"{'batch_size': [256], 'dropout_rate': [0.0, 0.05, 0.1], 'epochs': [1000], 'feed_forward': ['GLU', 'Bilinear', 'ReGLU', 'GEGLU', 'SwiGLU', 'ReLU', 'GELU', 'GatedResidualNetwork'], 'hidden_layer_dim': [32, 64, 128], 'input_chunk_length': [30], 'lr': [0.001, 0.0001, 1e-05], 'num_attention_heads': [2, 3, 5, 7], 'num_lstm_layers': [2, 3, 4, 5], 'optimizer': ['adam'], 'output_chunk_length': [1]}",COMPLETE
81,81,0.012261317111551762,2024-08-06 23:09:58.053775,2024-08-06 23:20:59.607392,0 days 00:11:01.553617,256,0.1,1000,ReGLU,64,30,0.001,7,4,adam,1,81,"{'batch_size': [256], 'dropout_rate': [0.0, 0.05, 0.1], 'epochs': [1000], 'feed_forward': ['GLU', 'Bilinear', 'ReGLU', 'GEGLU', 'SwiGLU', 'ReLU', 'GELU', 'GatedResidualNetwork'], 'hidden_layer_dim': [32, 64, 128], 'input_chunk_length': [30], 'lr': [0.001, 0.0001, 1e-05], 'num_attention_heads': [2, 3, 5, 7], 'num_lstm_layers': [2, 3, 4, 5], 'optimizer': ['adam'], 'output_chunk_length': [1]}",COMPLETE
82,82,0.012298141606152058,2024-08-06 23:20:59.608241,2024-08-06 23:22:50.801433,0 days 00:01:51.193192,256,0.0,1000,ReGLU,32,30,0.001,2,4,adam,1,82,"{'batch_size': [256], 'dropout_rate': [0.0, 0.05, 0.1], 'epochs': [1000], 'feed_forward': ['GLU', 'Bilinear', 'ReGLU', 'GEGLU', 'SwiGLU', 'ReLU', 'GELU', 'GatedResidualNetwork'], 'hidden_layer_dim': [32, 64, 128], 'input_chunk_length': [30], 'lr': [0.001, 0.0001, 1e-05], 'num_attention_heads': [2, 3, 5, 7], 'num_lstm_layers': [2, 3, 4, 5], 'optimizer': ['adam'], 'output_chunk_length': [1]}",COMPLETE
83,83,0.012179289013147354,2024-08-06 23:22:50.802257,2024-08-06 23:24:56.629789,0 days 00:02:05.827532,256,0.1,1000,GEGLU,32,30,0.001,3,4,adam,1,83,"{'batch_size': [256], 'dropout_rate': [0.0, 0.05, 0.1], 'epochs': [1000], 'feed_forward': ['GLU', 'Bilinear', 'ReGLU', 'GEGLU', 'SwiGLU', 'ReLU', 'GELU', 'GatedResidualNetwork'], 'hidden_layer_dim': [32, 64, 128], 'input_chunk_length': [30], 'lr': [0.001, 0.0001, 1e-05], 'num_attention_heads': [2, 3, 5, 7], 'num_lstm_layers': [2, 3, 4, 5], 'optimizer': ['adam'], 'output_chunk_length': [1]}",COMPLETE
84,84,0.012091088108718395,2024-08-06 23:24:56.630597,2024-08-06 23:33:41.198840,0 days 00:08:44.568243,256,0.0,1000,ReGLU,128,30,0.001,5,4,adam,1,84,"{'batch_size': [256], 'dropout_rate': [0.0, 0.05, 0.1], 'epochs': [1000], 'feed_forward': ['GLU', 'Bilinear', 'ReGLU', 'GEGLU', 'SwiGLU', 'ReLU', 'GELU', 'GatedResidualNetwork'], 'hidden_layer_dim': [32, 64, 128], 'input_chunk_length': [30], 'lr': [0.001, 0.0001, 1e-05], 'num_attention_heads': [2, 3, 5, 7], 'num_lstm_layers': [2, 3, 4, 5], 'optimizer': ['adam'], 'output_chunk_length': [1]}",COMPLETE
85,85,0.012225653976202011,2024-08-06 23:33:41.199689,2024-08-06 23:41:26.274169,0 days 00:07:45.074480,256,0.05,1000,Bilinear,32,30,1e-05,5,2,adam,1,85,"{'batch_size': [256], 'dropout_rate': [0.0, 0.05, 0.1], 'epochs': [1000], 'feed_forward': ['GLU', 'Bilinear', 'ReGLU', 'GEGLU', 'SwiGLU', 'ReLU', 'GELU', 'GatedResidualNetwork'], 'hidden_layer_dim': [32, 64, 128], 'input_chunk_length': [30], 'lr': [0.001, 0.0001, 1e-05], 'num_attention_heads': [2, 3, 5, 7], 'num_lstm_layers': [2, 3, 4, 5], 'optimizer': ['adam'], 'output_chunk_length': [1]}",COMPLETE
86,86,0.012157580815255642,2024-08-06 23:41:26.274995,2024-08-06 23:44:00.370347,0 days 00:02:34.095352,256,0.1,1000,GEGLU,64,30,1e-05,3,5,adam,1,86,"{'batch_size': [256], 'dropout_rate': [0.0, 0.05, 0.1], 'epochs': [1000], 'feed_forward': ['GLU', 'Bilinear', 'ReGLU', 'GEGLU', 'SwiGLU', 'ReLU', 'GELU', 'GatedResidualNetwork'], 'hidden_layer_dim': [32, 64, 128], 'input_chunk_length': [30], 'lr': [0.001, 0.0001, 1e-05], 'num_attention_heads': [2, 3, 5, 7], 'num_lstm_layers': [2, 3, 4, 5], 'optimizer': ['adam'], 'output_chunk_length': [1]}",COMPLETE
87,87,0.01218691561371088,2024-08-06 23:44:00.371176,2024-08-06 23:46:35.110634,0 days 00:02:34.739458,256,0.0,1000,SwiGLU,64,30,0.001,7,5,adam,1,87,"{'batch_size': [256], 'dropout_rate': [0.0, 0.05, 0.1], 'epochs': [1000], 'feed_forward': ['GLU', 'Bilinear', 'ReGLU', 'GEGLU', 'SwiGLU', 'ReLU', 'GELU', 'GatedResidualNetwork'], 'hidden_layer_dim': [32, 64, 128], 'input_chunk_length': [30], 'lr': [0.001, 0.0001, 1e-05], 'num_attention_heads': [2, 3, 5, 7], 'num_lstm_layers': [2, 3, 4, 5], 'optimizer': ['adam'], 'output_chunk_length': [1]}",COMPLETE
88,88,0.012016763910651207,2024-08-06 23:46:35.111458,2024-08-06 23:48:44.322822,0 days 00:02:09.211364,256,0.05,1000,GELU,64,30,0.0001,3,4,adam,1,88,"{'batch_size': [256], 'dropout_rate': [0.0, 0.05, 0.1], 'epochs': [1000], 'feed_forward': ['GLU', 'Bilinear', 'ReGLU', 'GEGLU', 'SwiGLU', 'ReLU', 'GELU', 'GatedResidualNetwork'], 'hidden_layer_dim': [32, 64, 128], 'input_chunk_length': [30], 'lr': [0.001, 0.0001, 1e-05], 'num_attention_heads': [2, 3, 5, 7], 'num_lstm_layers': [2, 3, 4, 5], 'optimizer': ['adam'], 'output_chunk_length': [1]}",COMPLETE
89,89,0.0124363349750638,2024-08-06 23:48:44.323648,2024-08-06 23:58:54.238794,0 days 00:10:09.915146,256,0.05,1000,GEGLU,64,30,0.0001,5,4,adam,1,89,"{'batch_size': [256], 'dropout_rate': [0.0, 0.05, 0.1], 'epochs': [1000], 'feed_forward': ['GLU', 'Bilinear', 'ReGLU', 'GEGLU', 'SwiGLU', 'ReLU', 'GELU', 'GatedResidualNetwork'], 'hidden_layer_dim': [32, 64, 128], 'input_chunk_length': [30], 'lr': [0.001, 0.0001, 1e-05], 'num_attention_heads': [2, 3, 5, 7], 'num_lstm_layers': [2, 3, 4, 5], 'optimizer': ['adam'], 'output_chunk_length': [1]}",COMPLETE
90,90,0.012393347918987274,2024-08-06 23:58:54.239610,2024-08-07 00:06:28.896087,0 days 00:07:34.656477,256,0.0,1000,GatedResidualNetwork,64,30,0.0001,5,3,adam,1,90,"{'batch_size': [256], 'dropout_rate': [0.0, 0.05, 0.1], 'epochs': [1000], 'feed_forward': ['GLU', 'Bilinear', 'ReGLU', 'GEGLU', 'SwiGLU', 'ReLU', 'GELU', 'GatedResidualNetwork'], 'hidden_layer_dim': [32, 64, 128], 'input_chunk_length': [30], 'lr': [0.001, 0.0001, 1e-05], 'num_attention_heads': [2, 3, 5, 7], 'num_lstm_layers': [2, 3, 4, 5], 'optimizer': ['adam'], 'output_chunk_length': [1]}",COMPLETE
91,91,0.012196043506264687,2024-08-07 00:06:28.896914,2024-08-07 00:12:17.700127,0 days 00:05:48.803213,256,0.0,1000,SwiGLU,64,30,1e-05,5,5,adam,1,91,"{'batch_size': [256], 'dropout_rate': [0.0, 0.05, 0.1], 'epochs': [1000], 'feed_forward': ['GLU', 'Bilinear', 'ReGLU', 'GEGLU', 'SwiGLU', 'ReLU', 'GELU', 'GatedResidualNetwork'], 'hidden_layer_dim': [32, 64, 128], 'input_chunk_length': [30], 'lr': [0.001, 0.0001, 1e-05], 'num_attention_heads': [2, 3, 5, 7], 'num_lstm_layers': [2, 3, 4, 5], 'optimizer': ['adam'], 'output_chunk_length': [1]}",COMPLETE
92,92,0.01221544574946165,2024-08-07 00:12:17.700947,2024-08-07 00:15:14.422213,0 days 00:02:56.721266,256,0.05,1000,GELU,128,30,0.001,3,4,adam,1,92,"{'batch_size': [256], 'dropout_rate': [0.0, 0.05, 0.1], 'epochs': [1000], 'feed_forward': ['GLU', 'Bilinear', 'ReGLU', 'GEGLU', 'SwiGLU', 'ReLU', 'GELU', 'GatedResidualNetwork'], 'hidden_layer_dim': [32, 64, 128], 'input_chunk_length': [30], 'lr': [0.001, 0.0001, 1e-05], 'num_attention_heads': [2, 3, 5, 7], 'num_lstm_layers': [2, 3, 4, 5], 'optimizer': ['adam'], 'output_chunk_length': [1]}",COMPLETE
93,93,0.012078977189958096,2024-08-07 00:15:14.422980,2024-08-07 00:25:08.866576,0 days 00:09:54.443596,256,0.1,1000,GatedResidualNetwork,128,30,0.0001,2,4,adam,1,93,"{'batch_size': [256], 'dropout_rate': [0.0, 0.05, 0.1], 'epochs': [1000], 'feed_forward': ['GLU', 'Bilinear', 'ReGLU', 'GEGLU', 'SwiGLU', 'ReLU', 'GELU', 'GatedResidualNetwork'], 'hidden_layer_dim': [32, 64, 128], 'input_chunk_length': [30], 'lr': [0.001, 0.0001, 1e-05], 'num_attention_heads': [2, 3, 5, 7], 'num_lstm_layers': [2, 3, 4, 5], 'optimizer': ['adam'], 'output_chunk_length': [1]}",COMPLETE
94,94,0.012211819179356098,2024-08-07 00:25:08.867380,2024-08-07 00:28:17.208445,0 days 00:03:08.341065,256,0.05,1000,SwiGLU,128,30,0.001,2,4,adam,1,94,"{'batch_size': [256], 'dropout_rate': [0.0, 0.05, 0.1], 'epochs': [1000], 'feed_forward': ['GLU', 'Bilinear', 'ReGLU', 'GEGLU', 'SwiGLU', 'ReLU', 'GELU', 'GatedResidualNetwork'], 'hidden_layer_dim': [32, 64, 128], 'input_chunk_length': [30], 'lr': [0.001, 0.0001, 1e-05], 'num_attention_heads': [2, 3, 5, 7], 'num_lstm_layers': [2, 3, 4, 5], 'optimizer': ['adam'], 'output_chunk_length': [1]}",COMPLETE
95,95,0.012072484008967876,2024-08-07 00:28:17.209279,2024-08-07 00:31:21.080106,0 days 00:03:03.870827,256,0.05,1000,GatedResidualNetwork,32,30,0.0001,5,5,adam,1,95,"{'batch_size': [256], 'dropout_rate': [0.0, 0.05, 0.1], 'epochs': [1000], 'feed_forward': ['GLU', 'Bilinear', 'ReGLU', 'GEGLU', 'SwiGLU', 'ReLU', 'GELU', 'GatedResidualNetwork'], 'hidden_layer_dim': [32, 64, 128], 'input_chunk_length': [30], 'lr': [0.001, 0.0001, 1e-05], 'num_attention_heads': [2, 3, 5, 7], 'num_lstm_layers': [2, 3, 4, 5], 'optimizer': ['adam'], 'output_chunk_length': [1]}",COMPLETE
96,96,0.01215466670691967,2024-08-07 00:31:21.080957,2024-08-07 00:33:01.973135,0 days 00:01:40.892178,256,0.0,1000,GEGLU,64,30,0.001,7,3,adam,1,96,"{'batch_size': [256], 'dropout_rate': [0.0, 0.05, 0.1], 'epochs': [1000], 'feed_forward': ['GLU', 'Bilinear', 'ReGLU', 'GEGLU', 'SwiGLU', 'ReLU', 'GELU', 'GatedResidualNetwork'], 'hidden_layer_dim': [32, 64, 128], 'input_chunk_length': [30], 'lr': [0.001, 0.0001, 1e-05], 'num_attention_heads': [2, 3, 5, 7], 'num_lstm_layers': [2, 3, 4, 5], 'optimizer': ['adam'], 'output_chunk_length': [1]}",COMPLETE
97,97,0.012232767418026924,2024-08-07 00:33:01.973942,2024-08-07 00:35:13.555457,0 days 00:02:11.581515,256,0.05,1000,ReGLU,128,30,0.001,5,5,adam,1,97,"{'batch_size': [256], 'dropout_rate': [0.0, 0.05, 0.1], 'epochs': [1000], 'feed_forward': ['GLU', 'Bilinear', 'ReGLU', 'GEGLU', 'SwiGLU', 'ReLU', 'GELU', 'GatedResidualNetwork'], 'hidden_layer_dim': [32, 64, 128], 'input_chunk_length': [30], 'lr': [0.001, 0.0001, 1e-05], 'num_attention_heads': [2, 3, 5, 7], 'num_lstm_layers': [2, 3, 4, 5], 'optimizer': ['adam'], 'output_chunk_length': [1]}",COMPLETE
98,98,0.01215982437133789,2024-08-07 00:35:13.556245,2024-08-07 00:44:38.532670,0 days 00:09:24.976425,256,0.05,1000,GatedResidualNetwork,64,30,0.0001,7,5,adam,1,98,"{'batch_size': [256], 'dropout_rate': [0.0, 0.05, 0.1], 'epochs': [1000], 'feed_forward': ['GLU', 'Bilinear', 'ReGLU', 'GEGLU', 'SwiGLU', 'ReLU', 'GELU', 'GatedResidualNetwork'], 'hidden_layer_dim': [32, 64, 128], 'input_chunk_length': [30], 'lr': [0.001, 0.0001, 1e-05], 'num_attention_heads': [2, 3, 5, 7], 'num_lstm_layers': [2, 3, 4, 5], 'optimizer': ['adam'], 'output_chunk_length': [1]}",COMPLETE
99,99,0.012118056416511536,2024-08-07 00:44:38.533502,2024-08-07 00:49:06.366300,0 days 00:04:27.832798,256,0.1,1000,ReLU,128,30,1e-05,2,2,adam,1,99,"{'batch_size': [256], 'dropout_rate': [0.0, 0.05, 0.1], 'epochs': [1000], 'feed_forward': ['GLU', 'Bilinear', 'ReGLU', 'GEGLU', 'SwiGLU', 'ReLU', 'GELU', 'GatedResidualNetwork'], 'hidden_layer_dim': [32, 64, 128], 'input_chunk_length': [30], 'lr': [0.001, 0.0001, 1e-05], 'num_attention_heads': [2, 3, 5, 7], 'num_lstm_layers': [2, 3, 4, 5], 'optimizer': ['adam'], 'output_chunk_length': [1]}",COMPLETE
